[
    {
        "id": 1,
        "eventImage": "/assets/eventIcon",
        "eventName": "Medical Workshop",
        "eventLocation": "UT Austin",
        "eventDate": "Thur, Mar 23 - Sat, Mar 23",
        "eventTime": "10:00 AM - 12:00 PM",
        "eventSubject": "Science",
        "eventCost": "$ 25",
        "eventDistance": "2.5 mi",
        "mealIncluded": "yes",
        "active": true,
        "description": "Lorem ipsum dolor sit amet, consectetur adipiscing elit, sed do eiusmod tempor incididunt ut labore et dolore magna aliqua. Rhoncus dolor purus non enim praesent elementum facilisis leo vel.",
        "coordinate": { 
            "latitude": 25.39531998063339, 
            "longitude": 68.33958571140153 
        }
    },
    {
        "id": 2,
        "eventImage": "/assets/eventIcon",
        "eventName": "Science Workshop",
        "eventLocation": "UT Austin",
        "eventDate": "Thur, Mar 23 - Sat, Mar 23",
        "eventTime": "10:00 AM - 12:00 PM",
        "eventSubject": "Science",
        "eventCost": "$ 25",
        "eventDistance": "1.5 mi",
        "mealIncluded": "no",
        "active": true,
        "description": "Lorem ipsum dolor sit amet, consectetur adipiscing elit, sed do eiusmod tempor incididunt ut labore et dolore magna aliqua. Rhoncus dolor purus non enim praesent elementum facilisis leo vel.",
        "coordinate": { 
            "latitude": 25.37548674556152, 
            "longitude": 68.35048153838372 
        }
    },
    {
        "id": 3,
        "eventImage": "/assets/eventIcon",
        "eventName": "STEME Workshop",
        "eventLocation": "UT Austin",
        "eventDate": "Thur, Mar 23 - Sat, Mar 23",
        "eventTime": "10:00 AM - 12:00 PM",
        "eventSubject": "Introduction",
        "eventCost": "$ 15",
        "eventDistance": "3.5 mi",
        "mealIncluded": "yes",
        "active": false,
        "description": "Lorem ipsum dolor sit amet, consectetur adipiscing elit, sed do eiusmod tempor incididunt ut labore et dolore magna aliqua. Rhoncus dolor purus non enim praesent elementum facilisis leo vel.",
        "coordinate": { 
            "latitude": 25.42045515948025, 
            "longitude": 68.26465644209435 
        }
    }
]