[
    {
        "id": 1,
        "eventImage": "/assets/eventIcon",
        "eventName": "Medical Workshop",
        "eventConductedBy": "UT Austin",
        "eventDate": "Thur, Mar 23 - Sat, Mar 23",
        "eventTime": "10:00 AM - 12:00 PM",
        "eventLocation": "321 Street Dr, Austin, TX",
        "eventSubject": "Science",
        "eventCost": "$ 25",
        "eventDistance": "2.5 mi",
        "mealIncluded": "yes",
        "eventDescription": "Lorem ipsum dolor sit amet, consectetur adipiscing elit, sed do eiusmod tempor incididunt ut labore et dolore magna aliqua. Rhoncus dolor purus non enim praesent elementum facilisis leo vel. Pellentesque habitant morbi tristique senectus et netus et.",
        "eventRating": "5.0",
        "ratingCount": "13 reviews"
    },
    
    {
        "id": 2,
        "eventImage": "/assets/eventIcon",
        "eventName": "Science Workshop",
        "eventConductedBy": "UT Austin",
        "eventDate": "Thur, Mar 23 - Sat, Mar 23",
        "eventTime": "10:00 AM - 12:00 PM",
        "eventLocation": "321 Street Dr, Austin, TX",
        "eventSubject": "Science",
        "eventCost": "$ 25",
        "eventDistance": "2.5 mi",
        "mealIncluded": "yes",
        "eventDescription": "Lorem ipsum dolor sit amet, consectetur adipiscing elit, sed do eiusmod tempor incididunt ut labore et dolore magna aliqua. Rhoncus dolor purus non enim praesent elementum facilisis leo vel. Pellentesque habitant morbi tristique senectus et netus et.",
        "eventRating": "5.0",
        "ratingCount": "16 reviews"
    }
]